Time [s],Can H,Can L
1.481588802,2.636,2.636
1.481588822,2.641,2.631
1.481588842,2.641,2.631
1.481588862,2.641,2.631
1.481588882,2.641,2.631
1.481588902,2.641,2.631
1.481588922,2.641,2.631
1.481588942,2.641,2.631
1.481588962,2.641,2.631
1.481588982,2.636,2.631
1.481589002,2.636,2.631
1.481589022,2.636,2.626
1.481589042,2.636,2.626
1.481589062,2.636,2.626
1.481589082,2.636,2.626
1.481589102,2.636,2.626
1.481589122,2.636,2.626
1.481589142,2.636,2.626
1.481589162,2.636,2.626
1.481589182,2.636,2.626
1.481589202,2.636,2.626
1.481589222,2.631,2.626
1.481589242,2.631,2.626
1.481589262,2.631,2.626
1.481589282,2.631,2.631
1.481589302,2.631,2.626
1.481589322,2.631,2.626
1.481589342,2.631,2.626
1.481589362,2.631,2.621
1.481589382,2.636,2.616
1.481589402,2.667,2.59
1.481589422,2.744,2.523
1.481589442,2.893,2.383
1.481589462,3.119,2.156
1.481589482,3.382,1.893
1.481589502,3.608,1.661
1.481589522,3.757,1.537
1.481589542,3.818,1.532
1.481589562,3.839,1.594
1.481589582,3.854,1.656
1.481589602,3.87,1.682
1.481589622,3.885,1.676
1.481589642,3.89,1.661
1.481589662,3.885,1.656
1.481589682,3.865,1.646
1.481589702,3.839,1.625
1.481589722,3.818,1.604
1.481589742,3.813,1.594
1.481589762,3.818,1.594
1.481589782,3.824,1.599
1.481589802,3.834,1.609
1.481589822,3.839,1.62
1.481589842,3.854,1.625
1.481589862,3.865,1.635
1.481589882,3.865,1.64
1.481589902,3.86,1.635
1.481589922,3.854,1.63
1.481589942,3.849,1.625
1.481589962,3.849,1.62
1.481589982,3.844,1.615
1.481590002,3.839,1.609
1.481590022,3.834,1.609
1.481590042,3.839,1.609
1.481590062,3.844,1.615
1.481590082,3.844,1.62
1.481590102,3.849,1.625
1.481590122,3.854,1.625
1.481590142,3.86,1.63
1.481590162,3.86,1.635
1.481590182,3.86,1.63
1.481590202,3.854,1.625
1.481590222,3.849,1.625
1.481590242,3.849,1.62
1.481590262,3.844,1.62
1.481590282,3.844,1.62
1.481590302,3.844,1.615
1.481590322,3.844,1.615
1.481590342,3.844,1.62
1.481590362,3.849,1.62
1.481590382,3.849,1.625
1.481590402,3.849,1.625
1.481590422,3.849,1.625
1.481590442,3.854,1.625
1.481590462,3.854,1.625
1.481590482,3.849,1.625
1.481590502,3.849,1.625
1.481590522,3.854,1.625
1.481590542,3.854,1.625
1.481590562,3.854,1.625
1.481590582,3.854,1.625
1.481590602,3.854,1.625
1.481590622,3.854,1.625
1.481590642,3.854,1.625
1.481590662,3.849,1.625
1.481590682,3.849,1.625
1.481590702,3.849,1.62
1.481590722,3.849,1.625
1.481590742,3.854,1.625
1.481590762,3.854,1.625
1.481590782,3.854,1.625
1.481590802,3.854,1.625
1.481590822,3.854,1.625
1.481590842,3.854,1.63
1.481590862,3.854,1.63
1.481590882,3.854,1.63
1.481590902,3.854,1.63
1.481590922,3.86,1.63
1.481590942,3.86,1.625
1.481590962,3.854,1.625
1.481590982,3.854,1.625
1.481591002,3.854,1.625
1.481591022,3.854,1.63
1.481591042,3.854,1.625
1.481591062,3.849,1.625
1.481591082,3.844,1.625
1.481591102,3.844,1.62
1.481591122,3.844,1.625
1.481591142,3.849,1.625
1.481591162,3.849,1.625
1.481591182,3.849,1.625
1.481591202,3.849,1.63
1.481591222,3.854,1.63
1.481591242,3.854,1.63
1.481591262,3.854,1.63
1.481591282,3.854,1.63
1.481591302,3.849,1.63
1.481591322,3.849,1.63
1.481591342,3.849,1.625
1.481591362,3.844,1.625
1.481591382,3.834,1.63
1.481591402,3.808,1.651
1.481591422,3.726,1.723
1.481591442,3.572,1.862
1.481591462,3.33,2.069
1.481591482,3.058,2.301
1.481591502,2.821,2.492
1.481591522,2.693,2.59
1.481591542,2.662,2.61
1.481591562,2.682,2.61
1.481591582,2.708,2.621
1.481591602,2.713,2.652
1.481591622,2.698,2.672
1.481591642,2.682,2.672
1.481591662,2.672,2.657
1.481591682,2.677,2.652
1.481591702,2.682,2.652
1.481591722,2.682,2.657
1.481591742,2.677,2.657
1.481591762,2.672,2.652
1.481591782,2.667,2.647
1.481591802,2.672,2.647
1.481591822,2.672,2.652
1.481591842,2.667,2.652
1.481591862,2.667,2.652
1.481591882,2.662,2.647
1.481591902,2.662,2.647
1.481591922,2.662,2.647
1.481591942,2.662,2.647
1.481591962,2.662,2.652
1.481591982,2.657,2.647
1.481592002,2.657,2.647
1.481592022,2.657,2.647
1.481592042,2.657,2.641
1.481592062,2.657,2.641
1.481592082,2.657,2.641
1.481592102,2.652,2.641
1.481592122,2.652,2.641
